{
  "mode": "table2",
  "num_cases": 54,
  "samples_per_case": 20,
  "report_hours": [
    6,
    12,
    18,
    24,
    30,
    36,
    42,
    48,
    54,
    60,
    66,
    72
  ],
  "overall_mean_error_km": 286.51422119140625,
  "error_by_hour": {
    "6h": {
      "mean_km": 39.52669906616211,
      "std_km": 39.11847686767578
    },
    "12h": {
      "mean_km": 75.87103271484375,
      "std_km": 73.366455078125
    },
    "18h": {
      "mean_km": 97.30250549316406,
      "std_km": 81.52142333984375
    },
    "24h": {
      "mean_km": 138.2056121826172,
      "std_km": 100.60873413085938
    },
    "30h": {
      "mean_km": 176.65907287597656,
      "std_km": 122.81011962890625
    },
    "36h": {
      "mean_km": 221.34774780273438,
      "std_km": 150.12661743164062
    },
    "42h": {
      "mean_km": 280.0397033691406,
      "std_km": 178.0506134033203
    },
    "48h": {
      "mean_km": 334.496826171875,
      "std_km": 227.038330078125
    },
    "54h": {
      "mean_km": 399.6081848144531,
      "std_km": 293.1617431640625
    },
    "60h": {
      "mean_km": 475.7480773925781,
      "std_km": 337.0921936035156
    },
    "66h": {
      "mean_km": 556.8094482421875,
      "std_km": 362.9801940917969
    },
    "72h": {
      "mean_km": 642.5560913085938,
      "std_km": 374.54376220703125
    }
  }
}