{
  "mode": "table3",
  "num_cases": 54,
  "samples_per_case": 20,
  "report_hours": [
    6,
    12,
    18,
    24,
    30,
    36,
    42,
    48,
    54,
    60,
    66,
    72
  ],
  "overall_mean_error_km": 202.8919677734375,
  "error_by_hour": {
    "6h": {
      "mean_km": 31.50940704345703,
      "std_km": 32.081336975097656
    },
    "12h": {
      "mean_km": 60.706722259521484,
      "std_km": 58.086639404296875
    },
    "18h": {
      "mean_km": 70.99078369140625,
      "std_km": 67.50048828125
    },
    "24h": {
      "mean_km": 99.13516235351562,
      "std_km": 84.89789581298828
    },
    "30h": {
      "mean_km": 125.55374145507812,
      "std_km": 107.60070037841797
    },
    "36h": {
      "mean_km": 152.38072204589844,
      "std_km": 129.14044189453125
    },
    "42h": {
      "mean_km": 192.54063415527344,
      "std_km": 155.412841796875
    },
    "48h": {
      "mean_km": 236.7541961669922,
      "std_km": 196.44552612304688
    },
    "54h": {
      "mean_km": 286.5752258300781,
      "std_km": 249.8433074951172
    },
    "60h": {
      "mean_km": 341.8041076660156,
      "std_km": 283.853271484375
    },
    "66h": {
      "mean_km": 392.0247497558594,
      "std_km": 309.2319641113281
    },
    "72h": {
      "mean_km": 444.72808837890625,
      "std_km": 330.5721435546875
    }
  }
}